,0
1461,126264.51846510108
1462,158495.15970904278
1463,180261.0819465414
1464,190016.4678140456
1465,192243.66291171845
1466,185601.079041239
1467,176216.4709919211
1468,177215.30249685768
1469,175890.20214479527
1470,127455.12618576593
1471,204934.25177781103
1472,94727.46764869147
1473,98064.2066260407
1474,147903.37521905234
1475,131477.59950798674
1476,390733.5505002963
1477,249679.44040386155
1478,292524.23690732
1479,292603.27890670183
1480,423263.09761718684
1481,293749.01087597734
1482,208777.74050069758
1483,186021.278518555
1484,174721.76230788956
1485,190203.85068942042
1486,194184.52739679426
1487,297407.5617856289
1488,229299.24258390255
1489,217292.53563478208
1490,244661.09454165853
1491,198936.12371726477
1492,102081.09196253945
1493,181303.48888025657
1494,286195.84607951925
1495,283180.18162223464
1496,242721.8031361162
1497,170147.0030601304
1498,165083.83826028858
1499,158232.10363953275
1500,162469.46580967068
1501,173630.46805024717
1502,157448.69232008792
1503,258775.57446877914
1504,224830.449514152
1505,215190.92371717282
1506,175714.73877123062
1507,241298.1654745631
1508,177783.07550937022
1509,156569.09831223337
1510,148776.68614400164
1511,145393.29818646735
1512,166942.9816675336
1513,137998.88264145568
1514,163677.50106265832
1515,183235.86212767684
1516,144749.65524039773
1517,164015.4704485267
1518,126269.06352285328
1519,221938.56401375108
1520,141649.53279731394
1521,143148.254917625
1522,162738.49373874013
1523,117177.57959563199
1524,124508.33615383021
1525,128142.45873202477
1526,134169.00547550764
1527,110969.76337154578
1528,130217.6153362229
1529,141518.29140058893
1530,168953.24338978567
1531,128605.74050420789
1532,108564.36167879327
1533,138371.96012314266
1534,120348.14482755717
1535,153224.9525063574
1536,123457.60511777907
1537,92078.6660525334
1538,163081.0353663437
1539,198906.9162580074
1540,118755.7991554006
1541,132602.77256693318
1542,133486.83026183772
1543,188829.756843879
1544,99497.5505586944
1545,110161.33414256839
1546,130971.59115221235
1547,136651.76908568997
1548,126371.11012882076
1549,111897.67360423387
1550,135977.4652163575
1551,120273.79299522152
1552,147085.33502341693
1553,148667.58277572162
1554,123599.43280395711
1555,174654.72843088483
1556,107495.62525152053
1557,109383.15417672788
1558,104522.66155792148
1559,109012.20865213018
1560,141590.09757503268
1561,134161.7140940247
1562,139350.06972107664
1563,127801.19056545122
1564,157486.34046028907
1565,157960.69545935272
1566,226041.62819343194
1567,89459.79967471611
1568,222702.70139608477
1569,155688.80228795105
1570,149440.5565793381
1571,130391.8397938019
1572,144006.33842280126
1573,249160.09000414156
1574,120454.32197041126
1575,238700.01137849977
1576,220309.87586735823
1577,203207.5482647661
1578,140117.85874618587
1579,144434.2309869536
1580,191854.24599125655
1581,147913.0515476726
1582,128392.50777573299
1583,298834.1622150749
1584,234544.65630468132
1585,142591.86438914057
1586,90682.96701368286
1587,114064.39090832771
1588,148539.0687246579
1589,101528.03220956815
1590,134612.70010289716
1591,103826.18482524501
1592,135891.06137915212
1593,125322.6073836292
1594,135692.0076753424
1595,123759.50904574896
1596,217563.04933706444
1597,188142.18835991697
1598,198151.07729325787
1599,188500.8190662327
1600,184676.67167920346
1601,89001.83448297334
1602,116100.80620085471
1603,93828.99040705465
1604,275755.6727969657
1605,229097.44111118652
1606,165415.4727949395
1607,163504.1490646275
1608,221216.45526804458
1609,203872.8881177334
1610,174518.6516062946
1611,148664.7527184319
1612,188066.3284917963
1613,165965.2288571739
1614,130637.53190180029
1615,92199.49251896344
1616,87631.7885574424
1617,92455.69174096674
1618,127771.48832239315
1619,143796.70140427555
1620,165087.4326840173
1621,145436.62332053992
1622,146329.59502535927
1623,282640.91501751577
1624,218831.56229470985
1625,127278.38348786018
1626,169177.15736400857
1627,188331.0233878399
1628,268026.7314074015
1629,173436.96757362774
1630,317200.8517970373
1631,195578.277980105
1632,227324.89768975758
1633,179695.7596203365
1634,185638.12038700795
1635,183928.70183062926
1636,170797.51185150488
1637,177328.73699066092
1638,199620.80039072203
1639,181859.01812663896
1640,240157.97733036493
1641,188040.0728276201
1642,234568.85892603543
1643,222684.97868376723
1644,229500.9382583377
1645,188221.02363568763
1646,165997.55784967565
1647,161870.2689855958
1648,136021.0081115031
1649,144439.76692359382
1650,123749.91900406464
1651,124090.99619947265
1652,100729.07906321084
1653,103368.05024633923
1654,152837.21573258232
1655,145525.29846898819
1656,147167.93982278593
1657,151250.42433587718
1658,155734.0469892464
1659,136618.88456228116
1660,156342.15664225296
1661,421399.6123538108
1662,326147.9990475611
1663,344769.8864386007
1664,414950.8274742707
1665,307994.513089426
1666,321647.4258214864
1667,354375.7697940819
1668,332174.96173866803
1669,297173.9502363575
1670,337617.06649745966
1671,270939.32925074943
1672,429242.8295669862
1673,295807.91833483474
1674,237267.55478076846
1675,195085.41629794406
1676,195793.3417743781
1677,226170.83888865545
1678,431297.1683766255
1679,351876.6922867012
1680,338979.8678165978
1681,290237.6985283538
1682,314237.5023703242
1683,194661.25030084798
1684,185881.26609809665
1685,180862.29376693757
1686,167000.64350945535
1687,184715.05967945358
1688,191098.0796184957
1689,198034.76439253998
1690,192303.1237834956
1691,186571.39238617584
1692,258325.9931979779
1693,184049.01759997258
1694,182547.43204421585
1695,176979.33451582442
1696,254583.01571434486
1697,177794.32089601053
1698,321926.82226585096
1699,293201.8704452083
1700,259228.10615126177
1701,274949.6300373046
1702,244265.28989903777
1703,243622.7649595534
1704,279673.7236327422
1705,244348.27884700906
1706,405397.17482036934
1707,225001.1377052708
1708,217594.74648388964
1709,259067.45923445112
1710,228411.61860522738
1711,276131.4002528022
1712,263441.27994695853
1713,262442.45302590274
1714,210085.81933656216
1715,198225.9811031659
1716,182315.15033321918
1717,175543.18533804943
1718,142256.0201489705
1719,217165.95383100372
1720,226765.04646292582
1721,170267.46639001588
1722,138304.57841315182
1723,166681.77303386573
1724,203536.37970649474
1725,228547.48989513467
1726,193604.95022131634
1727,170349.88632591456
1728,193305.90473357445
1729,172637.3198889707
1730,157500.50069419018
1731,122699.91186526226
1732,129572.44217916671
1733,122093.05539167792
1734,130014.4394357915
1735,139985.54659397385
1736,121964.5827531893
1737,292826.77354251617
1738,231405.99258126845
1739,226548.1518181763
1740,220185.62200890065
1741,196108.7233270842
1742,168973.371865432
1743,177817.37945777518
1744,299837.04219745996
1745,214258.94576378432
1746,213318.13542816514
1747,200399.26976796865
1748,215641.65120847055
1749,161088.91671422005
1750,142631.40934212675
1751,213451.92865940664
1752,122936.34167474328
1753,136823.798293503
1754,183209.65386967832
1755,172922.10820516982
1756,123344.41258318473
1757,121827.21735092074
1758,145643.50183690529
1759,165046.82600520385
1760,160844.2723389941
1761,151411.56340561624
1762,179212.20441056282
1763,171691.54934613057
1764,123804.36081282147
1765,163597.7700325969
1766,171848.68008777313
1767,206120.5404603159
1768,143374.50213182287
1769,162755.9616680617
1770,156887.25999340724
1771,130468.36075576958
1772,136330.6500678601
1773,134202.6743831669
1774,134909.61236499393
1775,134497.1507250683
1776,132266.4435890387
1777,122328.2285813485
1778,143356.7931756996
1779,133680.8843287347
1780,179819.446346236
1781,127602.73094566593
1782,103834.48102354036
1783,145542.5230296217
1784,119242.25220855958
1785,125348.61482219986
1786,140551.86984669365
1787,162138.38109001316
1788,84772.31223779924
1789,111493.52757324706
1790,104505.9203906645
1791,176281.85215580577
1792,155112.54988615125
1793,135088.13001714373
1794,145983.18391316832
1795,142057.19115555633
1796,154478.525614761
1797,110732.14389635903
1798,127423.92195518337
1799,124326.63263979086
1800,140635.50693398688
1801,125636.17297048793
1802,127438.38955102579
1803,149699.79312044542
1804,145616.23117588522
1805,143955.87132533063
1806,119076.32484270434
1807,133892.17714546065
1808,134458.48638168207
1809,133070.9387588322
1810,137298.39602712766
1811,106238.88603683392
1812,98555.38593167317
1813,122908.54080031304
1814,99746.20023542724
1815,66256.98162117405
1816,109128.80997992112
1817,129376.73478568127
1818,148706.12702806987
1819,134173.21468127365
1820,94600.94167260223
1821,110601.4464062283
1822,142097.28489477953
1823,74572.77546047684
1824,136947.18984746828
1825,141989.27804999004
1826,113929.02174293589
1827,110710.93149551768
1828,131773.8583691199
1829,107758.92189423456
1830,126914.51067525079
1831,145797.61036452831
1832,113106.22346632699
1833,136766.82356282027
1834,138396.63058546293
1835,134416.94527396234
1836,117446.50007121806
1837,113926.40450075135
1838,136317.86854786013
1839,107869.53344847125
1840,180231.18839561954
1841,152548.04139051764
1842,100808.34747303063
1843,144674.67903249437
1844,145823.42589278097
1845,153679.12637429562
1846,160822.8710081874
1847,176515.4720424298
1848,69716.38178015797
1849,112339.62657071018
1850,126198.11584930793
1851,161045.3380935113
1852,127800.66067935438
1853,165654.21168624566
1854,177299.26811766863
1855,174523.68595660455
1856,215640.43742945624
1857,167999.58204031177
1858,140584.6256157645
1859,122588.15569657831
1860,158704.6790484969
1861,120575.40980038926
1862,240152.38023224537
1863,227258.30137344307
1864,227360.37765770045
1865,353346.05928862304
1866,323509.4633925314
1867,225512.5425405961
1868,300738.1170284818
1869,200479.3817092268
1870,228183.0503639766
1871,264067.87292231596
1872,188311.6245889632
1873,222091.02573314507
1874,145534.20365255594
1875,200930.1755666977
1876,195066.30186361232
1877,223022.13847927414
1878,214723.40613444877
1879,139738.6156390503
1880,135995.24534270892
1881,238103.95723548252
1882,256644.41079054138
1883,197629.64348723282
1884,209455.6378517624
1885,268012.0778286563
1886,306007.2553163115
1887,216457.7028497069
1888,272079.61821369396
1889,184444.18850225455
1890,137599.19791288264
1891,144149.21144187305
1892,113794.92344118994
1893,135877.98653236838
1894,125952.7045880853
1895,148785.45451171952
1896,124931.23570789504
1897,131193.2739650733
1898,134320.72246445608
1899,157014.05306425525
1900,153561.11024668848
1901,159777.9073277633
1902,139333.71668779507
1903,200936.01794871062
1904,140227.16372993248
1905,187354.02660746273
1906,156323.124535387
1907,189870.38674849222
1908,117064.60668109416
1909,140274.01339861096
1910,123292.80392654086
1911,189933.45865478428
1912,264988.5633447344
1913,150995.2006935631
1914,76950.44212248789
1915,310585.0620066599
1916,83879.3629141059
1917,242987.95054878824
1918,145922.05794558235
1919,156553.4041767597
1920,157591.71333171567
1921,397041.695688998
1922,318109.59453396243
1923,202123.47211078348
1924,225522.63161903777
1925,216898.28148893794
1926,354364.4670361235
1927,144341.64664656032
1928,156856.17979366408
1929,127751.4132718729
1930,151958.4921767429
1931,141927.61759563835
1932,144156.13696263556
1933,179260.3454071743
1934,182874.1281694838
1935,175647.87699734373
1936,188736.55772195559
1937,178031.8303432982
1938,182036.24195694987
1939,245299.4256760916
1940,195029.985421595
1941,176748.39402744913
1942,198867.59840993962
1943,201821.0600499986
1944,343854.34580764873
1945,369561.8221822287
1946,153482.71107601453
1947,318138.1778680802
1948,162705.63068323495
1949,241088.43710367035
1950,182115.0653378904
1951,240719.61905171542
1952,217144.4572130103
1953,176266.8848635725
1954,193362.70659108236
1955,137960.95427119642
1956,250753.68535015738
1957,161233.76689466575
1958,286682.4570159145
1959,141724.97698095834
1960,123714.67184407903
1961,122211.48451336773
1962,100052.26546228131
1963,106380.461036675
1964,116003.89075531384
1965,148707.32374050922
1966,141070.45357846923
1967,298465.16787601495
1968,412567.3834171718
1969,358855.96508732904
1970,389391.78804571903
1971,383113.3897890183
1972,343363.64032744255
1973,282104.8946352254
1974,310772.44532607694
1975,402297.13413727237
1976,268671.34752311546
1977,342581.8525170287
1978,322612.1949271753
1979,320265.8177894929
1980,215306.7077525995
1981,326509.6926161413
1982,248577.8863568637
1983,230878.88853216436
1984,166735.01510171054
1985,221042.99664805605
1986,211414.7063016408
1987,186161.8096108337
1988,184845.66199210496
1989,192583.58338752334
1990,225661.99970283947
1991,215283.66409893066
1992,210697.4192130807
1993,180120.4354125043
1994,226779.94544128628
1995,182061.40613123824
1996,266268.1879709115
1997,302931.8954730673
1998,300815.3638082347
1999,281463.85281521536
2000,284382.28592972865
2001,282031.3571067968
2002,241685.3649335689
2003,249432.41606247204
2004,273699.16114878387
2005,248006.14340353955
2006,227504.72107414907
2007,242188.76640693232
2008,207619.15768102484
2009,201356.6271629184
2010,197433.17997986166
2011,145835.36710965654
2012,188845.76514362905
2013,183556.28738948793
2014,191434.8766413299
2015,201375.68611232232
2016,195933.77479925202
2017,199519.91738337625
2018,135973.14831764644
2019,141488.47176151836
2020,121669.57269778506
2021,117879.0027510759
2022,170838.7375084797
2023,143857.18369272893
2024,268507.53113018116
2025,328539.645040566
2026,182685.47845183715
2027,160839.36192451968
2028,146157.74925650933
2029,175793.49099536616
2030,261315.89327721333
2031,243448.00146847038
2032,258674.20277552074
2033,257282.82157906826
2034,165802.13017528717
2035,209035.4278938493
2036,177211.23978384602
2037,187138.33371744255
2038,268762.5356837906
2039,232661.336606929
2040,281030.3633785255
2041,295435.28641013114
2042,206407.0410904962
2043,162971.28734465915
2044,167125.35492340967
2045,204228.44510649313
2046,138817.38905338576
2047,150929.6367957679
2048,137140.24240511956
2049,132659.02304251803
2050,175096.62482132393
2051,117893.30816647966
2052,130423.93262321311
2053,146924.75983272246
2054,104164.25172849637
2055,155728.0607724865
2056,158348.66420080228
2057,128051.61317533418
2058,220958.84316234145
2059,144940.73273601994
2060,174209.6989746689
2061,159675.25255334185
2062,136079.57047094026
2063,132060.98986672846
2064,142671.11890648684
2065,122015.78012796998
2066,177061.50342325307
2067,149101.2501332174
2068,137773.9887515003
2069,93136.57270156451
2070,109048.18854502281
2071,102738.9714226437
2072,135422.79639418187
2073,142458.34232776254
2074,172036.61843911913
2075,148545.06503288608
2076,120988.76435057248
2077,149132.62726064763
2078,129736.2971559386
2079,127381.26551193654
2080,124315.65417486084
2081,126493.80790961406
2082,124360.47789308155
2083,132272.46321872523
2084,116060.84992703862
2085,126703.0092119329
2086,131789.7520434386
2087,123702.16793455352
2088,113444.42690699897
2089,95376.13224234767
2090,138065.72851833096
2091,122507.12788372822
2092,129566.37831676459
2093,131805.92663326996
2094,131887.55254106864
2095,138722.1600839345
2096,98106.02978420809
2097,106388.72961233408
2098,121219.8674320621
2099,76559.00143504482
2100,122623.44079668385
2101,123864.32045261806
2102,134724.34617578954
2103,116147.25117980587
2104,127637.46845327712
2105,130629.72284956409
2106,85687.91954226176
2107,187759.34726169377
2108,118453.68375211838
2109,114896.3168357784
2110,130342.08532437653
2111,144509.5563320056
2112,135169.23859720962
2113,126978.49291676306
2114,129371.03071273709
2115,144153.8796391855
2116,115697.94293208283
2117,136890.4192553213
2118,137814.10564501994
2119,117626.81887639333
2120,128242.21710017747
2121,104118.85839118944
2122,109065.633109342
2123,99925.8366688595
2124,150976.62047240167
2125,124027.85945745771
2126,146867.34597038443
2127,135323.59295901834
2128,131688.7194193397
2129,106245.81741841494
2130,134023.77704166694
2131,136981.364292992
2132,119603.0018769035
2133,113486.1443267413
2134,125907.68006742616
2135,102927.04117235153
2136,104175.40717418255
2137,124379.60157200799
2138,142621.34028817297
2139,160138.91612945116
2140,140443.67861137041
2141,148638.01385691942
2142,137695.9929318697
2143,138326.64990537983
2144,121718.61245237375
2145,143126.99925111438
2146,160259.36399878247
2147,161002.99228296726
2148,131062.52383909211
2149,141419.0243150963
2150,200106.68782696975
2151,123330.97727913062
2152,165043.15070079878
2153,159707.6570901725
2154,118322.27865756137
2155,147634.6026560031
2156,253983.9095807298
2157,233676.20471681148
2158,239338.82185164452
2159,206845.69490821223
2160,180838.80969052544
2161,240139.46531151398
2162,349794.6020008471
2163,352752.4205566081
2164,233553.13458547654
2165,194954.96749032408
2166,142757.8427068809
2167,212789.04662567453
2168,206761.05131890328
2169,198738.57643653572
2170,222130.0830933808
2171,148433.36044350493
2172,138686.96917586384
2173,165065.15446178947
2174,222390.28448586995
2175,265860.376507796
2176,304615.7783219486
2177,241098.36173433618
2178,231555.03868966212
2179,147276.1228940147
2180,197447.2515784464
2181,208745.21998525382
2182,223805.18937788124
2183,194734.3449948693
2184,130363.01606261235
2185,146869.9592671826
2186,140116.83064790705
2187,150268.645367414
2188,157040.44850717037
2189,210847.79863653868
2190,83241.21298293995
2191,93465.30967740109
2192,106597.65884255919
2193,117915.92238309614
2194,115788.14284159867
2195,123324.08519031707
2196,126647.53466480543
2197,121194.45847056256
2198,157991.68602448123
2199,171722.95841530562
2200,147283.94424741622
2201,141169.50948582555
2202,195901.86959781352
2203,156983.46088259036
2204,173094.0977519508
2205,117932.36458438663
2206,144475.27705374072
2207,200123.0333457814
2208,228643.8355419556
2209,182930.48529882974
2210,121527.69368133663
2211,118179.83469391022
2212,117070.88151326605
2213,109410.53651736894
2214,134602.48080854485
2215,112357.0303255172
2216,140010.98362279663
2217,80031.2916757278
2218,102558.1466780692
2219,90059.8984179784
2220,95591.69499825528
2221,309897.64685619087
2222,269219.4611378417
2223,261314.10230607388
2224,206420.91833291107
2225,138031.06890318324
2226,184382.1524998255
2227,206702.7950518328
2228,285684.0614972982
2229,248737.1461982587
2230,169370.90531134777
2231,213205.63976309958
2232,191010.39552420014
2233,190148.07978284004
2234,267571.9399386019
2235,232123.06681728334
2236,263978.60041972634
2237,322859.73960262875
2238,194066.4833542337
2239,118260.3438343626
2240,161073.52581970402
2241,154840.46362501665
2242,127692.11627478761
2243,132047.16090855957
2244,102047.2347830099
2245,102276.29486519398
2246,149557.13266447783
2247,120032.623650051
2248,125295.06959399338
2249,131281.8798871576
2250,137408.67711605053
2251,131063.50585933274
2252,169399.9729485797
2253,169446.98404528233
2254,173342.92230977313
2255,188628.0509489364
2256,180817.5888759094
2257,195365.2791005887
2258,181145.55646317822
2259,174905.22197501286
2260,161015.68432241675
2261,190204.30748420412
2262,203440.10676218258
2263,360237.1578122885
2264,386224.26480504626
2265,163463.30220377172
2266,293033.09579541034
2267,348715.93998048955
2268,390848.9086933449
2269,153823.99823461918
2270,198727.03978175347
2271,223295.35771559333
2272,212364.28376028684
2273,171765.34603522898
2274,179257.10606939936
2275,170055.16080338164
2276,176569.32623342625
2277,183815.44595393701
2278,145562.4850049663
2279,140861.332890661
2280,126709.74076750902
2281,184432.56211854916
2282,196147.04114367915
2283,100989.14997182504
2284,120122.6429115408
2285,143612.81561386274
2286,130793.60976721553
2287,359847.02432201465
2288,264864.90769697935
2289,358788.9287421019
2290,408943.70514657337
2291,354036.1091607171
2292,395610.7531580527
2293,442890.3431247765
2294,369043.58667746594
2295,406907.7160795621
2296,258479.65125997495
2297,328183.9525719681
2298,353345.17343531793
2299,327807.20322228957
2300,315223.8062292874
2301,316731.8688965178
2302,229264.19656746474
2303,238553.5811678737
2304,232086.0770093994
2305,193055.36350661656
2306,193837.86923940663
2307,193154.8956187483
2308,214064.07535076223
2309,292625.8446729551
2310,246537.71890547735
2311,209443.91611965527
2312,186833.5916593795
2313,178628.69245045233
2314,194074.83836051618
2315,175006.27927584923
2316,196411.16816226486
2317,193534.39278316768
2318,182366.82785477614
2319,190077.51500665877
2320,191343.74171781907
2321,243404.1863634635
2322,175016.65447028133
2323,199351.736734917
2324,192382.2420570758
2325,209338.657833704
2326,188877.80161740034
2327,209832.11776730412
2328,216635.54618318132
2329,179617.56126330912
2330,175580.524399294
2331,318847.9168054488
2332,330432.4099961767
2333,293900.8749574983
2334,262950.27304149023
2335,284395.65223392216
2336,300705.9595646702
2337,197836.72825421658
2338,264715.8217220893
2339,235658.02798122473
2340,364953.05003937404
2341,221946.50122484687
2342,235824.6108041895
2343,217086.5719324432
2344,221652.16490798286
2345,220428.14541166407
2346,218548.35864593886
2347,204044.41266658748
2348,235400.4338501351
2349,196127.1102521624
2350,318423.06614512706
2351,266412.9791914626
2352,243933.81120557536
2353,254108.39531197347
2354,143347.14687648005
2355,157501.28500478284
2356,162663.28393988917
2357,199857.43140210237
2358,206522.9988195279
2359,131387.6935874966
2360,124381.95475434342
2361,136431.79688036873
2362,254915.4890519353
2363,137643.41346561213
2364,164446.77615298316
2365,211242.59269115273
2366,208274.22007430688
2367,217194.86089474216
2368,211164.0733378193
2369,213587.87194859987
2370,175435.1885318416
2371,171024.1599864469
2372,189019.63142031044
2373,250505.59388770233
2374,269269.73560678575
2375,251399.4641644253
2376,263313.197104197
2377,298848.0176452454
2378,154552.98158975653
2379,184450.51633025784
2380,144004.5629480699
2381,159310.66316510577
2382,209009.40547462218
2383,204913.92868627567
2384,237019.55439702197
2385,162107.7961600514
2386,146766.36433613554
2387,142020.8471070107
2388,107011.7339340407
2389,138899.73487554363
2390,151467.2960963409
2391,136265.9797201362
2392,119357.649874089
2393,165403.65027409277
2394,148700.36220433662
2395,201012.38789400054
2396,154381.7468429374
2397,202510.32347932435
2398,132224.42029118407
2399,73882.29229024453
2400,73597.54569934143
2401,115221.4181386822
2402,142056.9836118806
2403,128294.27578919874
2404,159726.04196076814
2405,160029.7791868291
2406,141266.2775775624
2407,129883.10356320874
2408,136872.80821186947
2409,142622.26462463514
2410,161868.38258290736
2411,128476.82949293028
2412,156934.82271784745
2413,135866.89820926468
2414,149024.7692288754
2415,131865.40850139316
2416,123608.8063866421
2417,133361.607412614
2418,132203.75391616515
2419,121207.17469983788
2420,130736.32022405078
2421,149413.14651624745
2422,126317.28809342776
2423,123186.67933670992
2424,141352.351143398
2425,203723.82377201665
2426,132326.50745128916
2427,147438.6123321873
2428,173052.87046375658
2429,122287.36403307044
2430,137599.73524166632
2431,128992.14760837947
2432,141610.24177883967
2433,144987.54638500555
2434,140220.7235040926
2435,147533.64224829306
2436,118801.0436395102
2437,112949.86807104498
2438,128419.42439156413
2439,116917.70200380549
2440,111812.02175537898
2441,104260.11924303048
2442,110612.91781103119
2443,123305.54364509242
2444,136195.2763678444
2445,92034.72533036233
2446,133267.37847810154
2447,184116.49795712825
2448,145287.9520445334
2449,109280.08873422447
2450,136805.600035092
2451,141473.6307238806
2452,192209.31511330308
2453,107118.44512411286
2454,144344.98647611847
2455,125397.55706236145
2456,125880.89374094548
2457,131689.87212357332
2458,127529.93555399687
2459,120612.39433613545
2460,129838.31250976866
2461,124040.91014450362
2462,133913.8931566662
2463,119405.45059567936
2464,160293.0294340481
2465,130675.0822177743
2466,117064.0746581059
2467,147671.8178301061
2468,101419.67096595245
2469,90862.64870838959
2470,173735.0337333675
2471,185426.35911878716
2472,148336.14655882996
2473,116160.20722268416
2474,95023.76222391624
2475,201405.33731529207
2476,115896.6607706766
2477,136796.09837554637
2478,161038.95496186652
2479,117068.18834863917
2480,159102.13664903707
2481,136073.5913854335
2482,135331.51254522084
2483,127789.94332264973
2484,125834.14343227667
2485,132848.01601949206
2486,158680.7305210481
2487,201680.72304776442
2488,158867.42565107706
2489,164226.57860888215
2490,159296.89925357394
2491,96000.63661476685
2492,189509.154610237
2493,176917.89514627657
2494,157216.56131204296
2495,109726.80130775123
2496,223378.20256344668
2497,140407.66273127112
2498,121228.60975018796
2499,107526.58040464787
2500,149083.88148852994
2501,128934.11439750323
2502,138170.86299930574
2503,106896.72634750199
2504,170012.37033333842
2505,221708.1337529484
2506,241397.32049080866
2507,271654.1991617993
2508,245178.02137352087
2509,217208.99042971033
2510,222740.6554494684
2511,188881.4415294374
2512,213994.0415908378
2513,220408.48230096736
2514,250721.31950702536
2515,143843.0351067517
2516,180451.1816729753
2517,135409.5281711685
2518,150929.76042266356
2519,218192.14210801333
2520,207710.02999532496
2521,195941.70017198304
2522,219574.5553729835
2523,132941.3123095233
2524,142572.43767928242
2525,144179.7056977217
2526,132745.18438741963
2527,132556.0501089621
2528,126514.06241088116
2529,139601.92575800215
2530,127022.3089437412
2531,242583.8420958775
2532,219181.7590651082
2533,198172.93350896452
2534,256800.1405702746
2535,270375.8790167639
2536,227821.60035070853
2537,238089.94408806236
2538,187841.5747612079
2539,189622.4638096523
2540,183492.28646432693
2541,186492.741512601
2542,178365.03439981822
2543,141787.87872695347
2544,122622.5859420868
2545,130835.64724995964
2546,141615.0362036661
2547,134832.205825913
2548,157460.2276668966
2549,167061.25381407075
2550,256543.05931901283
2551,148069.63694681416
2552,127078.36902471898
2553,91061.35744276043
2554,115772.48546653945
2555,132857.23625028087
2556,113050.7726506054
2557,115080.41861897588
2558,151005.92219455593
2559,125687.78318865871
2560,148185.99334233574
2561,153250.15642664395
2562,139619.47637794164
2563,151801.0985312588
2564,182808.5379249561
2565,147453.2015095876
2566,163380.60098182014
2567,131537.10212296655
2568,180631.37779501028
2569,191941.26153710534
2570,121942.09057077266
2571,179778.74063028413
2572,152490.46226233
2573,201506.69900102727
2574,258910.42744148232
2575,123405.42766807867
2576,122435.8576934422
2577,150480.8346613108
2578,98342.9407166311
2579,91009.40227810343
2580,129364.05063293726
2581,118243.21042365384
2582,118369.29587923251
2583,257992.4413109868
2584,168362.92465176812
2585,190678.93344631328
2586,224922.90556659337
2587,196909.34492583302
2588,151533.43747341319
2589,141239.59418372455
2590,211203.27861280573
2591,222016.4082512986
2592,216960.4354433255
2593,266144.91163242096
2594,171132.10785890618
2595,204563.69744129071
2596,296233.7055914595
2597,196171.7718191944
2598,280824.6024260599
2599,342014.4500348683
2600,145709.9508775955
2601,156870.42855521984
2602,87977.0227225772
2603,104809.16116585188
2604,93231.56915302848
2605,96273.17096427422
2606,154565.68208286195
2607,191388.2809094717
2608,187000.55014019948
2609,160255.79404669427
2610,114947.84289912209
2611,131878.93987630284
2612,147853.33829162922
2613,138494.63304082895
2614,131183.5918882178
2615,152084.88825115433
2616,149578.26328246467
2617,169395.38631716705
2618,188579.28467865058
2619,196383.4058607512
2620,179721.2505516026
2621,185095.26860346255
2622,183781.64192838056
2623,248900.0855070207
2624,273197.2640803746
2625,261392.65302717322
2626,174711.9898684261
2627,169031.7691534981
2628,419620.02111068275
2629,486153.7796299739
2630,374218.77494090865
2631,437371.7117287738
2632,428086.9779074724
2633,311338.58378922567
2634,368388.14819544693
2635,158399.5233665657
2636,186627.139091175
2637,187335.3692111232
2638,256463.68186626793
2639,178703.39369145862
2640,153221.11446320568
2641,112179.27381406163
2642,192614.3545056683
2643,96997.06275995162
2644,130971.9091681425
2645,108860.62717568038
2646,95333.95766204076
2647,104755.81481466291
2648,140012.81245649283
2649,145787.465904434
2650,141127.22837380873
2651,144976.6948330814
2652,409749.5189005957
2653,258703.7016104896
2654,271404.0213579447
2655,362083.8464408892
2656,349810.4535303218
2657,350698.45069465006
2658,312810.4777773138
2659,306910.7796709564
2660,345446.0922820814
2661,365763.6692614773
2662,340445.36876929016
2663,273391.6210104835
2664,291835.50062960887
2665,309915.0893923709
2666,292009.0370857873
2667,173825.01440160745
2668,181043.12677733807
2669,186416.30337240195
2670,279077.30508070067
2671,181282.5120610309
2672,188347.40784506124
2673,215099.78981130902
2674,209046.55454982852
2675,176599.59945143035
2676,193088.00549285582
2677,196166.94608649955
2678,227847.1034000351
2679,281537.87538216077
2680,272677.53329955647
2681,334263.15692545834
2682,292797.0912822065
2683,476686.7713122141
2684,290342.1170793476
2685,296901.424053747
2686,259709.60579986635
2687,314095.1863482795
2688,229593.72843432662
2689,213150.79278384318
2690,424258.9635107231
2691,199915.61547242466
2692,139479.62480055715
2693,205219.28245113863
2694,144975.32821602354
2695,197289.8769632471
2696,194199.0092530543
2697,193634.52182630106
2698,207446.97875779463
2699,183450.58476594402
2700,166633.90297133994
2701,173709.72131804287
2702,124581.79330829688
2703,127355.54939333563
2704,145590.76590105827
2705,126726.14172163836
2706,121492.9615737278
2707,125426.85190567814
2708,136908.3518609686
2709,107642.80031264007
2710,128412.35594875716
2711,251248.97421926656
2712,322118.0002915473
2713,184515.29031920983
2714,146981.41147960548
2715,171614.11199619295
2716,157523.8486123525
2717,208333.8194395218
2718,225089.13307016835
2719,160170.21406279967
2720,166948.02638300718
2721,137974.58266869828
2722,162198.0091908551
2723,152434.71783213998
2724,138558.47429787458
2725,136848.2509363503
2726,145108.05419206913
2727,188409.57103087043
2728,166398.70244275455
2729,152148.8701480427
2730,142236.92759997858
2731,123541.97805231705
2732,127139.27594346288
2733,156143.73534635713
2734,160591.1089342512
2735,141508.1844909246
2736,153262.36964136444
2737,127892.23296991395
2738,128904.7813741143
2739,158828.14523249742
2740,140051.16801918644
2741,148428.8266032021
2742,155048.30069068505
2743,154654.91494741023
2744,157860.7754663544
2745,143740.08314413275
2746,138114.54536922637
2747,158071.26622494537
2748,130312.46378277036
2749,136699.33113942534
2750,143472.33938436897
2751,140890.21441324966
2752,201602.95563685443
2753,146939.92554171578
2754,191554.56586565397
2755,124886.3531029863
2756,103624.32882784324
2757,90404.78649695641
2758,108644.27406077963
2759,157003.99723964604
2760,133321.31432611062
2761,152670.1081160969
2762,150379.76132975976
2763,183771.94990926527
2764,171523.97213830825
2765,238145.39568538422
2766,132305.04381585732
2767,90765.75721915254
2768,121420.26702971061
2769,134826.83469022036
2770,144422.07286354154
2771,120646.60221383504
2772,120631.09556329151
2773,153766.76271878026
2774,125056.60957503496
2775,121738.45686523561
2776,132537.73896508123
2777,133127.26527688486
2778,117620.20734000762
2779,128014.46521004198
2780,102181.37274859521
2781,99056.39548229463
2782,110493.50995506764
2783,113390.39462146428
2784,120669.70441267779
2785,137796.69800731723
2786,93389.81942177282
2787,118531.20537408814
2788,85527.25700075467
2789,151711.80482605877
2790,108201.61680002128
2791,116054.86004983269
2792,74769.11324088254
2793,172244.78242934862
2794,106175.17589527191
2795,126587.16736457343
2796,103460.45219596673
2797,164213.6584857653
2798,111238.11053629078
2799,119988.57112960926
2800,90063.96808727318
2801,106333.25069729074
2802,141863.8819648081
2803,149522.0629526399
2804,142471.16096024768
2805,107507.10731654409
2806,96592.25145885808
2807,165571.46316523003
2808,148076.68998723922
2809,139216.58788074003
2810,136833.06680100312
2811,157038.1937041011
2812,150337.66138300972
2813,158696.9158964541
2814,152359.8783385917
2815,117893.68356843933
2816,213654.09735943764
2817,162303.0038429032
2818,137170.00095213397
2819,186123.30027982665
2820,144835.08450133045
2821,114875.56085524689
2822,181169.3713755406
2823,242509.3788959258
2824,170839.5928382892
2825,147017.6143922223
2826,140590.92182125823
2827,135590.14373432356
2828,262939.9155888158
2829,191619.60728934157
2830,214541.11287840936
2831,189769.38630682122
2832,264945.6941686346
2833,304015.38260132726
2834,219086.80317147073
2835,223822.65744050778
2836,196711.6775683555
2837,155952.37122911552
2838,150902.20019620392
2839,189332.30094442403
2840,188465.51446200226
2841,203223.45907050246
2842,222291.29853411054
2843,151001.29409277413
2844,150874.83766232838
2845,125245.00784873057
2846,205050.36446718292
2847,200188.21044840376
2848,219209.08044575126
2849,208201.9691649361
2850,268443.4048483466
2851,229209.9032641003
2852,226232.1680868817
2853,227670.77830857877
2854,141368.59495279743
2855,212762.55649489939
2856,215482.96302362563
2857,189492.13019192702
2858,203480.68543525133
2859,137273.9149823707
2860,129333.12326987952
2861,137773.32009979102
2862,194585.1550144712
2863,136274.09945156117
2864,259664.28534965168
2865,143751.48671558758
2866,138553.20528672077
2867,101543.84163761525
2868,119612.8008034256
2869,118265.50536542054
2870,151527.38205879575
2871,102767.59525243934
2872,74842.35584091097
2873,117925.4089860223
2874,132103.08507579227
2875,116845.82763711835
2876,159898.3342900062
2877,142641.3118629502
2878,173099.68170457822
2879,139312.1839268172
2880,103901.66372158223
2881,156174.0820923712
2882,161952.00173031905
2883,179969.99055219066
2884,196152.21134686092
2885,180841.54175707814
2886,196507.4639369093
2887,103202.49780647265
2888,121582.68084161881
2889,69996.9653131646
2890,92047.9030486204
2891,135149.42339651697
2892,81102.4559705231
2893,109216.09574721595
2894,71287.8923088889
2895,304406.67222768755
2896,274522.1469374279
2897,187107.95336461786
2898,147110.56769058123
2899,225711.6632811023
2900,162304.3272333468
2901,188218.4068135263
2902,200488.74672989434
2903,356721.89852978673
2904,352684.192533373
2905,118490.10258280038
2906,186673.01447990746
2907,117859.53822484522
2908,132799.51474229476
2909,142072.30508922343
2910,84019.38397877694
2911,86455.78338426705
2912,161297.75349537644
2913,89242.89765920928
2914,88440.03464039849
2915,90700.87492938699
2916,87851.80204703356
2917,164120.22321589716
2918,119860.43523522605
2919,220569.06701688297
